{"cameraMode":{"drawMode":0,"name":"Shaded","section":"Shading Mode"},"sceneLighting":true,"audioPlay":false,"sceneViewState":{"m_AlwaysRefresh":false,"showFog":true,"showSkybox":true,"showFlares":true,"showImageEffects":true,"showParticleSystems":true,"showVisualEffectGraphs":true,"m_FxEnabled":false},"in2DMode":false,"pivot":{"x":-2.2737998962402345,"y":1.6796340942382813,"z":1.3058099746704102},"rotation":{"x":-0.21857856214046479,"y":0.7151799201965332,"z":-0.25481635332107546,"w":-0.6133060455322266},"size":12.865622520446778,"orthographic":false}